City_ID,City,Country,Date,Lat,Lng,Max Temp,Humidity,Cloudiness,Wind Speed
0,Karibib,NA,2022-12-12 02:54:42,-21.9333,15.8333,13.66,63,75,1.3
1,Yellowknife,CA,2022-12-12 02:54:43,62.456,-114.3525,-22.71,84,100,2.06
2,Ushuaia,AR,2022-12-12 02:54:44,-54.8,-68.3,6.81,81,75,5.66
3,Otautau,NZ,2022-12-12 02:54:45,-46.15,168.0,17.47,63,87,2.48
4,Nanortalik,GL,2022-12-12 02:54:45,60.1432,-45.2371,-6.12,80,5,2.31
5,Lebu,CL,2022-12-12 02:54:46,-37.6167,-73.65,13.92,80,0,6.59
6,Yulara,AU,2022-12-12 02:54:47,-25.2406,130.9889,29.47,25,7,4.12
7,Dikson,RU,2022-12-12 02:54:48,73.5069,80.5464,-7.38,93,100,7.56
8,New Norfolk,AU,2022-12-12 02:54:49,-42.7826,147.0587,19.28,73,100,0.89
9,Mataura,NZ,2022-12-12 02:54:49,-46.1927,168.8643,17.49,48,63,2.2
10,Ranfurly,NZ,2022-12-12 02:54:50,-45.1333,170.1,21.73,60,51,3.56
11,Labuhan,ID,2022-12-12 02:54:51,-6.8844,112.2051,30.16,63,66,0.75
12,Tura,IN,2022-12-12 02:54:52,25.5198,90.2201,20.84,61,3,0.18
13,Sioux Lookout,CA,2022-12-12 02:54:53,50.1001,-91.917,-5.96,86,100,1.54
14,Busselton,AU,2022-12-12 02:54:54,-33.65,115.3333,22.52,36,0,4.07
15,Qaanaaq,GL,2022-12-12 02:54:55,77.484,-69.3632,-24.74,64,0,4.13
16,Vaini,TO,2022-12-12 02:54:56,-21.2,-175.2,26.09,89,75,6.69
17,Rikitea,PF,2022-12-12 02:54:57,-23.1203,-134.9692,24.65,80,4,8.86
18,Namatanai,PG,2022-12-12 02:54:58,-3.6667,152.4333,29.58,66,95,3.6
19,Iqaluit,CA,2022-12-12 02:54:59,63.7506,-68.5145,-14.15,77,100,1.03
20,Kindu,CD,2022-12-12 02:55:01,-2.95,25.95,20.38,99,92,0.54
21,Atambua,ID,2022-12-12 02:55:02,-9.1061,124.8925,30.28,57,68,2.34
22,Arraial Do Cabo,BR,2022-12-12 02:55:03,-22.9661,-42.0278,23.49,94,9,1.08
23,Otane,NZ,2022-12-12 02:50:10,-39.8833,176.6333,20.56,53,10,4.84
24,Powell,US,2022-12-12 02:55:05,40.1578,-83.0752,4.26,90,100,2.68
25,Ugoofaaru,MV,2022-12-12 02:55:06,5.6667,73.0,26.92,79,97,6.53
26,Adilcevaz,TR,2022-12-12 02:55:07,38.8039,42.7342,3.07,61,100,0.36
27,Chuy,UY,2022-12-12 02:51:12,-33.6971,-53.4616,22.74,66,28,1.34
28,Trincomalee,LK,2022-12-12 02:55:09,8.5711,81.2335,25.32,81,8,2.67
29,Kahului,US,2022-12-12 02:52:44,20.8947,-156.47,26.01,74,75,9.26
30,Bindura,ZW,2022-12-12 02:55:12,-17.3019,31.3306,17.87,82,0,0.96
31,Sao Joao Da Barra,BR,2022-12-12 02:55:13,-21.6403,-41.0511,23.55,94,3,2.25
32,Acapulco,MX,2022-12-12 02:50:32,16.8634,-99.8901,25.04,77,2,2.89
33,Honiara,SB,2022-12-12 02:52:37,-9.4333,159.95,29.63,71,99,2.01
34,Airai,TL,2022-12-12 02:55:17,-8.9266,125.4092,26.85,37,98,0.61
35,Esperance,AU,2022-12-12 02:55:18,-33.8667,121.9,17.32,50,0,4.77
36,Port Alfred,ZA,2022-12-12 02:55:20,-33.5906,26.891,22.63,84,79,13.08
37,Japura,ID,2022-12-12 02:55:21,-0.3167,102.35,29.23,66,96,1.36
38,Leningradskiy,RU,2022-12-12 02:55:22,69.3833,178.4167,-17.38,96,100,6.28
39,Otkaznoye,RU,2022-12-12 02:55:23,44.3264,43.8608,6.28,74,100,6.58
40,Cobija,BO,2022-12-12 02:55:24,-11.0267,-68.7692,23.09,97,100,0.75
41,Correntina,BR,2022-12-12 02:55:25,-13.3433,-44.6367,21.72,88,75,0.71
42,Nikolskoye,RU,2022-12-12 02:56:26,59.7035,30.7861,-6.06,90,100,6.7
43,Shelburne,CA,2022-12-12 02:56:27,44.0787,-80.2041,-1.75,98,97,1.95
44,Vila Velha,BR,2022-12-12 02:56:28,-20.3297,-40.2925,26.97,89,0,0.0
45,Hithadhoo,MV,2022-12-12 02:56:29,-0.6,73.0833,27.09,76,100,4.54
46,Beringovskiy,RU,2022-12-12 02:56:30,63.05,179.3167,-16.26,72,0,5.06
47,Onega,RU,2022-12-12 02:56:31,63.9061,38.1404,-20.05,96,42,1.51
48,Hermanus,ZA,2022-12-12 02:56:32,-34.4187,19.2345,21.56,90,100,7.48
49,Mar Del Plata,AR,2022-12-12 02:56:33,-38.0023,-57.5575,17.19,74,0,4.47
50,Jamestown,US,2022-12-12 02:52:14,42.097,-79.2353,0.95,72,100,3.6
51,Sterling,US,2022-12-12 02:56:35,39.0062,-77.4286,5.48,89,40,2.68
52,Mount Gambier,AU,2022-12-12 02:56:36,-37.8333,140.7667,16.18,52,60,7.75
53,Khatanga,RU,2022-12-12 02:56:37,71.9667,102.5,-17.89,94,100,6.76
54,Punta Arenas,CL,2022-12-12 02:56:38,-53.15,-70.9167,10.06,71,0,7.2
55,Ixtapa,MX,2022-12-12 02:51:40,20.7,-105.2,20.63,89,2,1.12
56,Atuona,PF,2022-12-12 02:56:40,-9.8,-139.0333,25.81,75,13,8.88
57,Sobolevo,RU,2022-12-12 02:56:41,54.4299,31.8996,2.32,100,100,4.55
58,Jasper,US,2022-12-12 02:51:59,37.2001,-94.3502,8.71,85,100,3.09
59,Albany,US,2022-12-12 02:51:58,42.6001,-73.9662,-1.18,91,100,0.45
60,Georgetown,MY,2022-12-12 02:56:33,5.4112,100.3354,28.83,80,20,1.03
61,Puerto Ayora,EC,2022-12-12 02:56:44,-0.7393,-90.3518,20.86,94,84,3.33
62,Dunedin,NZ,2022-12-12 02:56:45,-45.8742,170.5036,14.33,83,52,2.68
63,Hobart,AU,2022-12-12 02:56:46,-42.8794,147.3294,19.47,75,75,3.6
64,Awjilah,LY,2022-12-12 02:56:47,29.1081,21.2869,14.78,88,8,1.54
65,Hilo,US,2022-12-12 02:53:56,19.7297,-155.09,24.58,80,90,0.45
66,Abu Kamal,SY,2022-12-12 02:56:49,34.4506,40.9171,12.4,69,100,3.28
67,Constitucion,CL,2022-12-12 02:56:49,-35.3333,-72.4167,13.3,77,0,7.34
68,Clyde River,CA,2022-12-12 02:56:50,70.4692,-68.5914,-18.87,78,100,5.14
69,Broken Hill,AU,2022-12-12 02:56:51,-31.95,141.4333,22.02,21,0,10.27
70,Tasiilaq,GL,2022-12-12 02:56:52,65.6145,-37.6368,-9.09,53,1,1.39
71,Nizhnevartovsk,RU,2022-12-12 02:52:42,60.9344,76.5531,-29.99,69,0,3.13
72,Zeya,RU,2022-12-12 02:52:12,53.75,127.2667,-15.71,93,100,1.61
73,Saint-Philippe,RE,2022-12-12 02:56:54,-21.3585,55.7679,24.77,81,42,5.64
74,Bengkulu,ID,2022-12-12 02:56:56,-3.8004,102.2655,27.92,67,94,3.49
75,Saint Anthony,US,2022-12-12 02:56:58,45.0205,-93.218,0.05,81,69,2.44
76,Port Elizabeth,ZA,2022-12-12 02:56:59,-33.918,25.5701,22.83,94,100,9.26
77,Huicheng,CN,2022-12-12 02:57:00,23.0385,116.2899,16.12,62,78,5.77
78,Kapaa,US,2022-12-12 02:55:52,22.0752,-159.319,25.99,92,90,2.24
79,Aykhal,RU,2022-12-12 02:57:01,66.0,111.5,-24.51,98,100,2.59
80,Axim,GH,2022-12-12 02:57:03,4.8699,-2.2405,25.48,85,56,2.46
81,Cape Town,ZA,2022-12-12 02:57:04,-33.9258,18.4232,22.99,85,20,7.6
82,Upernavik,GL,2022-12-12 02:57:06,72.7868,-56.1549,-15.93,96,59,7.29
83,Yumen,CN,2022-12-12 02:57:07,40.2833,97.2,-7.89,56,0,11.52
84,Charlestown,AU,2022-12-12 02:57:07,-32.95,151.6667,31.36,43,93,7.66
85,Fort Nelson,CA,2022-12-12 02:57:08,58.8053,-122.7002,-22.81,86,0,1.03
86,Alta Floresta,BR,2022-12-12 02:57:09,-9.8756,-56.0861,20.63,99,100,1.36
87,Half Moon Bay,US,2022-12-12 02:57:10,37.4636,-122.4286,9.32,92,100,6.17
88,Muroto,JP,2022-12-12 02:58:11,33.2833,134.15,11.75,50,45,1.47
89,Wassenberg,DE,2022-12-12 02:58:12,51.1,6.15,0.06,88,0,1.54
90,Asau,RO,2022-12-12 02:58:13,46.4333,26.4,-1.49,87,98,1.25
91,Wad Rawah,SD,2022-12-12 02:58:13,15.1603,33.1397,21.09,31,0,4.84
92,Ritchie,ZA,2022-12-12 02:54:16,-29.038,24.6028,20.13,74,100,5.1
93,Tocopilla,CL,2022-12-12 02:58:15,-22.092,-70.1979,20.67,70,92,1.69
94,East London,ZA,2022-12-12 02:58:15,-33.0153,27.9116,22.23,88,100,10.11
95,Sao Filipe,CV,2022-12-12 02:58:16,14.8961,-24.4956,25.23,70,0,2.86
96,Puerto Escondido,MX,2022-12-12 02:58:17,15.85,-97.0667,25.07,78,4,2.57
97,Itarema,BR,2022-12-12 02:55:19,-2.9248,-39.9167,26.35,77,55,6.05
98,Ola,RU,2022-12-12 02:58:19,59.5833,151.2833,-24.26,93,48,3.42
99,Sawakin,SD,2022-12-12 02:58:20,19.1059,37.3321,24.53,77,37,3.57
100,Bonthe,SL,2022-12-12 02:58:21,7.5264,-12.505,25.82,85,100,1.68
101,Torbay,CA,2022-12-12 02:58:22,47.6666,-52.7314,-0.79,92,75,4.63
102,Souillac,MU,2022-12-12 02:58:23,-20.5167,57.5167,24.21,78,40,4.12
103,Banda Aceh,ID,2022-12-12 02:58:24,5.5577,95.3222,24.47,87,100,3.8
104,Bluff,NZ,2022-12-12 02:58:25,-46.6,168.3333,17.67,82,57,7.34
105,Amealco,MX,2022-12-12 02:58:26,20.1833,-100.15,9.57,51,22,1.84
106,Tuatapere,NZ,2022-12-12 02:58:26,-46.1333,167.6833,16.55,80,66,2.45
107,Yeppoon,AU,2022-12-12 02:58:27,-23.1333,150.7333,31.88,65,0,5.14
108,Butaritari,KI,2022-12-12 02:58:28,3.0707,172.7902,27.22,72,100,4.73
109,Morondava,MG,2022-12-12 02:58:29,-20.2833,44.2833,25.48,79,100,1.44
110,Bethel,US,2022-12-12 02:58:29,41.3712,-73.414,0.01,85,100,2.57
111,Guerrero Negro,MX,2022-12-12 02:55:00,27.9769,-114.0611,15.26,77,100,4.4
112,Chara,RU,2022-12-12 02:58:31,56.9064,118.2631,-22.01,81,100,2.57
113,Jalu,LY,2022-12-12 02:58:31,29.0331,21.5482,15.03,86,4,1.94
114,Sajanan,TN,2022-12-12 02:58:32,37.0573,9.2426,15.51,91,93,6.61
115,Clinton,US,2022-12-12 02:57:17,42.587,-82.9199,2.34,84,100,0.89
116,Ponta Do Sol,PT,2022-12-12 02:58:34,32.6667,-17.1,22.78,91,74,4.88
117,Norman Wells,CA,2022-12-12 02:58:34,65.282,-126.8329,-32.98,75,0,0.0
118,Borzya,RU,2022-12-12 02:58:36,50.3833,116.5167,-17.87,80,100,10.48
119,Dukat,RU,2022-12-12 02:58:37,62.55,155.55,-32.88,97,100,1.24
120,Thompson,CA,2022-12-12 02:58:38,55.7435,-97.8558,-1.91,93,100,1.54
121,Areosa,PT,2022-12-12 02:58:38,41.7178,-8.8571,12.24,96,100,6.47
122,Huarmey,PE,2022-12-12 02:58:39,-10.0681,-78.1522,20.25,85,100,3.15
123,Lagos,NG,2022-12-12 02:58:40,6.5833,3.75,26.18,89,27,1.15
124,Isla Mujeres,MX,2022-12-12 02:58:41,21.2311,-86.731,25.09,69,22,3.75
125,Harper,LR,2022-12-12 02:58:42,4.375,-7.7169,25.0,86,45,2.58
126,Fortuna,US,2022-12-12 02:58:42,40.5982,-124.1573,6.1,93,0,4.63
127,Pevek,RU,2022-12-12 02:58:43,69.7008,170.3133,-27.57,98,100,7.27
128,Sinnamary,GF,2022-12-12 02:58:44,5.3833,-52.95,24.88,86,83,3.1
129,Vila Franca Do Campo,PT,2022-12-12 02:58:45,37.7167,-25.4333,18.44,87,100,10.58
130,Lorengau,PG,2022-12-12 02:58:46,-2.0226,147.2712,28.05,76,100,1.77
131,Sorong,ID,2022-12-12 02:58:47,-0.8833,131.25,27.92,79,85,4.45
132,Rambha,IN,2022-12-12 02:59:47,19.5167,85.1,25.16,65,12,1.13
133,Charters Towers,AU,2022-12-12 02:59:48,-20.1,146.2667,34.56,34,16,4.43
134,Kamaishi,JP,2022-12-12 02:59:49,39.2667,141.8833,5.33,52,16,2.09
135,Chokurdakh,RU,2022-12-12 02:59:50,70.6333,147.9167,-30.39,99,100,3.12
136,Vostok,RU,2022-12-12 02:59:51,46.4856,135.8833,-11.56,71,100,1.35
137,Faanui,PF,2022-12-12 02:59:51,-16.4833,-151.75,22.54,95,100,9.5
138,Lincoln,US,2022-12-12 02:57:14,40.8,-96.667,-0.06,92,8,3.13
139,Athabasca,CA,2022-12-12 02:55:59,54.7169,-113.2854,-16.77,95,52,3.5
140,Tiksi,RU,2022-12-12 02:59:53,71.6872,128.8694,-27.88,95,100,5.46
141,Mae Sai,TH,2022-12-12 02:59:54,20.4335,99.8762,23.67,60,7,0.67
142,San Quintin,MX,2022-12-12 02:59:54,30.4833,-115.95,15.22,89,96,4.44
143,Mica,RO,2022-12-12 02:59:55,46.3667,24.4167,3.36,86,100,0.0
144,Nagaur,IN,2022-12-12 02:59:55,27.2,73.7333,16.82,38,35,3.49
145,Castro,BR,2022-12-12 02:59:56,-24.7911,-50.0119,19.04,95,100,0.76
146,Turan,VN,2022-12-12 02:59:56,16.0678,108.2208,22.99,73,75,2.06
147,Alofi,NU,2022-12-12 02:59:57,-19.0595,-169.9187,27.94,61,87,8.23
148,Port Hardy,CA,2022-12-12 02:59:58,50.6996,-127.4199,0.1,93,20,3.09
149,Nome,US,2022-12-12 02:59:58,64.5011,-165.4064,-9.54,87,86,3.21
150,Kaitangata,NZ,2022-12-12 02:59:59,-46.2817,169.8464,16.88,71,70,4.98
151,Pemberton,CA,2022-12-12 02:59:59,50.3164,-122.8027,0.73,96,100,1.42
152,Nouadhibou,MR,2022-12-12 02:55:17,20.931,-17.0347,21.99,68,1,6.17
153,Saskylakh,RU,2022-12-12 03:00:00,71.9167,114.0833,-19.06,95,100,5.59
154,Agbor,NG,2022-12-12 03:00:01,6.2518,6.1934,22.79,98,96,1.64
155,Maragogi,BR,2022-12-12 03:00:02,-9.0122,-35.2225,24.84,85,3,3.03
156,Faya,SA,2022-12-12 03:00:03,18.3851,42.4509,10.35,75,0,0.54
157,Meiktila,MM,2022-12-12 03:00:04,20.8667,95.8667,24.35,49,15,2.44
158,Tautira,PF,2022-12-12 03:00:05,-17.7333,-149.15,24.11,84,100,5.44
159,Roald,NO,2022-12-12 03:00:07,62.5833,6.1333,-3.92,58,0,5.14
160,Shalinskoye,RU,2022-12-12 03:00:07,55.7228,93.7594,-26.14,97,14,1.49
161,Waddan,LY,2022-12-12 03:00:08,29.1614,16.139,15.28,44,7,3.28
162,Okhotsk,RU,2022-12-12 03:00:09,59.3833,143.3,-29.96,83,15,6.22
163,Phu Ly,VN,2022-12-12 03:00:09,20.5411,105.9139,16.29,67,100,3.51
164,Xiaolingwei,CN,2022-12-12 03:00:11,32.0333,118.85,6.3,46,95,4.53
165,Luena,AO,2022-12-12 03:00:13,-11.7833,19.9167,16.39,98,100,1.8
166,Mount Darwin,ZW,2022-12-12 03:00:14,-16.7725,31.5838,20.0,77,0,3.32
167,Padang,ID,2022-12-12 03:00:14,-0.9492,100.3543,26.03,85,100,1.76
168,Bahia Blanca,AR,2022-12-12 03:00:15,-38.7196,-62.2724,17.38,64,0,0.45
169,Ossora,RU,2022-12-12 03:00:16,59.2353,163.0719,-13.46,81,100,1.87
170,Tukrah,LY,2022-12-12 03:00:17,32.5341,20.5791,16.63,76,93,3.37
171,Naze,JP,2022-12-12 03:00:18,28.3667,129.4833,16.58,58,17,4.49
172,Vyazemskiy,RU,2022-12-12 03:00:19,47.5378,134.7525,-9.92,70,100,2.96
173,High Level,CA,2022-12-12 03:00:20,58.5169,-117.136,-20.26,94,93,0.97
174,Sulzbach-Rosenberg,DE,2022-12-12 03:00:21,49.4983,11.7517,-3.29,91,92,1.63
175,Gizo,SB,2022-12-12 03:00:21,-8.103,156.8419,28.83,73,52,3.37
176,Komsomolskiy,UZ,2022-12-12 03:00:22,40.4272,71.7189,-2.6,93,75,1.03
177,Beloha,MG,2022-12-12 03:00:23,-25.1667,45.05,24.27,74,96,4.2
178,Muyezerskiy,RU,2022-12-12 03:01:25,63.9333,31.65,-16.83,98,91,3.1
179,Pacific Grove,US,2022-12-12 03:00:26,36.6177,-121.9166,9.12,88,100,4.02
180,Hirado,JP,2022-12-12 03:01:27,33.3597,129.5531,12.14,52,95,4.51
181,Samana,DO,2022-12-12 03:00:21,19.2056,-69.3369,22.68,77,6,3.23
182,Normandin,CA,2022-12-12 03:01:29,48.8333,-72.5321,-11.86,79,1,2.66
183,Iskateley,RU,2022-12-12 03:01:30,67.6803,53.1512,-29.38,100,58,1.49
184,Katsuura,JP,2022-12-12 03:01:31,35.1333,140.3,11.69,52,2,9.3
185,Havelock,US,2022-12-12 03:01:32,34.8791,-76.9013,11.07,90,100,0.45
186,Provideniya,RU,2022-12-12 03:01:33,64.3833,-173.3,-7.94,67,100,9.0
187,Severo-Kurilsk,RU,2022-12-12 03:01:34,50.6789,156.125,-3.79,60,96,10.04
188,Deputatskiy,RU,2022-12-12 03:01:34,69.3,139.9,-33.89,93,100,2.96
189,Vardo,NO,2022-12-12 03:01:35,70.3705,31.1107,-7.01,63,37,6.69
190,Bilibino,RU,2022-12-12 03:01:36,68.0546,166.4372,-30.8,99,100,2.24
191,Ercis,TR,2022-12-12 03:01:37,39.0287,43.3586,0.65,53,100,0.59
192,Chapada Dos Guimaraes,BR,2022-12-12 03:01:38,-15.4606,-55.7497,21.81,82,100,1.2
193,Barrow,US,2022-12-12 03:00:09,71.2906,-156.7887,-16.4,91,75,8.6
194,Slave Lake,CA,2022-12-12 03:01:39,55.2834,-114.769,-20.01,71,40,7.2
195,Kununurra,AU,2022-12-12 03:01:40,-15.7667,128.7333,36.99,41,40,3.09
196,Kodiak,US,2022-12-12 03:01:41,57.79,-152.4072,3.34,96,100,3.11
197,Saldanha,ZA,2022-12-12 03:01:42,-33.0117,17.9442,18.89,93,27,1.32
198,Luderitz,NA,2022-12-12 02:59:39,-26.6481,15.1594,16.36,92,14,1.12
199,Opuwo,NA,2022-12-12 03:01:44,-18.0607,13.84,14.98,36,34,1.46
200,Jerusalem,IL,2022-12-12 03:00:11,31.769,35.2163,12.06,69,93,0.89
201,Bredasdorp,ZA,2022-12-12 03:01:45,-34.5322,20.0403,20.39,97,100,7.04
202,Santa Cruz,BO,2022-12-12 02:57:23,-17.8,-63.1667,21.7,94,75,2.57
203,Miracema Do Tocantins,BR,2022-12-12 03:01:47,-9.5618,-48.3967,22.46,94,93,1.02
204,Lompoc,US,2022-12-12 03:01:49,34.6391,-120.4579,8.11,86,20,2.06
205,Victoria,HK,2022-12-12 02:56:54,22.2855,114.1577,18.47,72,100,6.71
206,Mugumu,TZ,2022-12-12 03:01:50,-1.85,34.7,14.43,92,79,1.52
207,Beverley,GB,2022-12-12 03:01:51,53.8459,-0.4233,-0.88,57,100,2.06
208,Jinxiang,CN,2022-12-12 03:00:27,27.4327,120.6062,12.94,56,80,4.15
209,Leh,IN,2022-12-12 03:01:53,34.1667,77.5833,-8.32,46,57,0.73
210,Baykit,RU,2022-12-12 03:01:54,61.67,96.37,-24.74,94,100,2.29
211,Boyabat,TR,2022-12-12 03:01:55,41.4689,34.7667,10.33,82,100,0.75
212,Acajutla,SV,2022-12-12 03:01:55,13.5928,-89.8275,24.43,78,1,2.24
213,Saint-Augustin,CA,2022-12-12 03:01:56,51.226,-58.6502,-13.45,75,87,2.89
214,Carnarvon,AU,2022-12-12 03:01:57,-24.8667,113.6333,24.81,58,0,6.85
215,Touros,BR,2022-12-12 03:01:58,-5.1989,-35.4608,25.19,81,4,3.85
216,Bilma,NE,2022-12-12 03:01:58,18.6853,12.9164,18.85,17,5,3.32
217,Balaka,MW,2022-12-12 03:02:00,-14.9793,34.9558,19.86,89,8,1.26
218,Mahebourg,MU,2022-12-12 03:02:01,-20.4081,57.7,26.25,71,14,6.0
219,Meulaboh,ID,2022-12-12 03:02:01,4.1363,96.1285,23.89,92,100,2.03
220,Ancud,CL,2022-12-12 03:02:02,-41.8697,-73.8203,11.06,85,100,3.94
221,Abdulino,RU,2022-12-12 03:02:03,53.7,53.6667,-8.54,81,100,6.25
222,Cayenne,GF,2022-12-12 03:03:04,4.9333,-52.3333,24.02,94,0,0.0
223,Poum,NC,2022-12-12 03:03:04,-20.2333,164.0167,27.12,72,5,1.54
224,Nema,RU,2022-12-12 03:03:05,57.5067,50.5011,-1.64,98,100,3.47
225,Roccastrada,IT,2022-12-12 03:03:05,43.0099,11.1665,2.72,95,13,1.99
226,Skibbereen,IE,2022-12-12 03:03:06,51.55,-9.2667,0.39,83,5,1.31
227,Ketchikan,US,2022-12-12 03:03:06,55.3422,-131.6461,-2.01,69,99,1.26
228,Geraldton,AU,2022-12-12 03:03:07,-28.7667,114.6,34.23,15,0,7.72
229,Srednekolymsk,RU,2022-12-12 03:03:07,67.45,153.6833,-41.56,99,89,3.31
230,Matara,LK,2022-12-12 03:03:08,5.9485,80.5353,26.71,74,79,3.56
231,Ribeira Grande,PT,2022-12-12 03:03:09,38.5167,-28.7,18.21,87,21,9.83
232,Abnub,EG,2022-12-12 03:03:09,27.2696,31.1511,15.08,41,84,1.09
233,Kaseda,JP,2022-12-12 03:03:10,31.4167,130.3167,14.71,60,3,4.26
234,Goderich,CA,2022-12-12 03:00:23,43.7501,-81.7165,0.51,86,100,4.9
235,Bossier City,US,2022-12-12 02:59:25,32.516,-93.7321,13.95,85,100,0.0
236,Ust-Kuyga,RU,2022-12-12 03:03:11,70.0167,135.6,-30.51,98,100,3.48
237,Batticaloa,LK,2022-12-12 03:03:12,7.7102,81.6924,25.5,78,55,0.56
238,Cherskiy,RU,2022-12-12 03:03:12,68.75,161.3,-34.04,94,100,2.41
239,Zalesovo,RU,2022-12-12 03:03:13,53.9939,84.7431,-19.24,100,100,2.46
240,Muros,ES,2022-12-12 03:03:14,42.7762,-9.0603,11.72,92,100,6.29
241,Te Anau,NZ,2022-12-12 03:03:15,-45.4167,167.7167,21.47,50,46,2.36
242,Napanee,CA,2022-12-12 03:03:16,44.2501,-76.9494,-4.49,90,89,5.02
243,Kautokeino,NO,2022-12-12 03:03:16,69.0125,23.0412,-24.54,100,100,0.88
244,Caravelas,BR,2022-12-12 03:03:17,-17.7125,-39.2481,22.91,93,55,3.61
245,Batemans Bay,AU,2022-12-12 03:00:12,-35.7167,150.1833,24.72,36,57,7.56
246,Hun,LY,2022-12-12 03:03:18,29.1268,15.9477,15.48,41,7,3.63
247,Adrar,MR,2022-12-12 03:03:19,20.5022,-10.0711,21.93,15,0,3.34
248,Avarua,CK,2022-12-12 03:03:20,-21.2078,-159.775,26.03,61,75,5.14
249,Pisco,PE,2022-12-12 03:03:20,-13.7,-76.2167,20.03,83,0,2.57
250,Sitka,US,2022-12-12 03:03:21,57.0531,-135.33,-1.76,74,100,2.19
251,Tomatlan,MX,2022-12-12 03:03:22,19.9333,-105.25,21.05,95,1,0.6
252,Nuuk,GL,2022-12-12 03:03:23,64.1835,-51.7216,-10.95,73,0,3.16
253,Mount Isa,AU,2022-12-12 03:03:23,-20.7333,139.5,38.87,19,7,3.09
254,Cabo San Lucas,MX,2022-12-12 03:03:24,22.8909,-109.9124,23.62,67,0,4.63
255,U Thong,TH,2022-12-12 03:03:24,14.3751,99.8923,27.57,61,72,2.39
256,Severo-Yeniseyskiy,RU,2022-12-12 03:03:25,60.3725,93.0408,-27.47,95,100,1.5
257,Saint George,US,2022-12-12 02:59:42,37.1041,-113.5841,6.33,85,100,4.02
258,Rawson,AR,2022-12-12 03:03:26,-43.3002,-65.1023,14.14,69,94,3.31
259,Mayo,US,2022-12-12 03:03:26,38.8876,-76.5119,5.55,92,0,3.09
260,Klaksvik,FO,2022-12-12 03:03:27,62.2266,-6.589,0.51,55,100,13.14
261,Ambulu,ID,2022-12-12 03:03:27,-8.345,113.6058,29.31,69,54,1.7
262,Khorixas,NA,2022-12-12 03:03:29,-20.3667,14.9667,13.61,61,100,1.93
263,Safakulevo,RU,2022-12-12 03:03:29,54.9901,62.5442,-5.3,93,100,6.6
264,Jahangirabad,IN,2022-12-12 03:03:30,28.4167,78.1,16.73,42,25,3.4
265,Ilulissat,GL,2022-12-12 03:03:30,69.2167,-51.1,-9.99,48,18,0.0
266,San Cristobal,VE,2022-12-12 03:00:25,7.7669,-72.225,17.46,96,43,0.64
267,Lanxi,CN,2022-12-12 03:03:31,29.2195,119.477,10.01,56,81,1.73
268,Hasaki,JP,2022-12-12 03:03:40,35.7333,140.8333,12.38,56,10,8.52
269,Ginir,ET,2022-12-12 03:04:32,7.1333,40.7,11.58,52,0,2.27
270,Kavaratti,IN,2022-12-12 03:04:32,10.5669,72.642,27.97,68,50,8.12
271,Artyom,AZ,2022-12-12 03:04:33,40.4723,50.333,8.08,75,96,7.5
272,Poyarkovo,RU,2022-12-12 03:04:33,49.6,128.6833,-10.92,89,100,5.83
273,Henties Bay,NA,2022-12-12 03:04:34,-22.116,14.2845,14.71,97,17,0.69
274,Husavik,IS,2022-12-12 03:04:34,66.0449,-17.3389,-5.88,86,29,5.98
275,Karpogory,RU,2022-12-12 03:04:34,64.0019,44.4451,-26.34,99,22,0.89
276,Cidreira,BR,2022-12-12 03:04:35,-30.1811,-50.2056,22.4,94,2,6.2
277,Vega De Alatorre,MX,2022-12-12 03:04:35,20.0333,-96.6333,22.8,83,17,2.19
278,Pokhara,NP,2022-12-12 03:03:32,28.2333,83.9833,18.75,21,2,0.89
279,Port Augusta,AU,2022-12-12 03:04:36,-32.5,137.7667,21.95,28,5,8.55
280,Bosaso,SO,2022-12-12 03:04:37,11.2842,49.1816,21.87,81,1,1.43
281,Kruisfontein,ZA,2022-12-12 03:04:37,-34.0033,24.7314,21.6,88,100,5.61
282,Elizabethtown,US,2022-12-12 03:00:30,37.694,-85.8591,5.79,80,100,0.0
283,Marzuq,YE,2022-12-12 03:04:38,14.4,46.4667,13.85,62,0,0.42
284,Gardner,US,2022-12-12 03:03:36,42.5751,-71.9981,-5.83,86,100,3.09
285,Monteiro,BR,2022-12-12 03:04:38,-7.8894,-37.12,22.72,76,8,4.66
286,Magistralnyy,RU,2022-12-12 03:04:39,56.1725,107.4458,-26.49,84,100,3.11
287,Minot,US,2022-12-12 03:04:40,48.2325,-101.2963,-5.88,93,100,6.17
288,Abay,KZ,2022-12-12 03:04:40,49.6311,72.8539,-27.79,85,51,2.07
289,Irbeyskoye,RU,2022-12-12 03:04:41,55.6428,95.4522,-26.13,93,23,1.86
290,Waingapu,ID,2022-12-12 03:04:41,-9.6567,120.2641,30.77,62,12,3.01
291,Paamiut,GL,2022-12-12 03:03:15,61.994,-49.6678,-6.98,61,0,3.97
292,Nishihara,JP,2022-12-12 03:04:42,26.1842,127.7558,20.81,66,75,7.2
293,Makakilo City,US,2022-12-12 03:04:42,21.3469,-158.0858,25.18,69,75,6.69
294,Sawtell,AU,2022-12-12 03:04:43,-30.3833,153.1,25.01,73,40,3.09
295,Soyo,AO,2022-12-12 03:04:44,-6.1349,12.3689,24.23,90,100,4.12
296,Nebyliv,UA,2022-12-12 03:04:44,48.8153,24.2166,-5.3,91,46,1.62
297,Richards Bay,ZA,2022-12-12 03:04:45,-28.783,32.0377,22.11,91,100,1.39
298,Berdigestyakh,RU,2022-12-12 03:04:45,62.0989,126.6992,-39.05,97,98,2.77
299,The Valley,AI,2022-12-12 03:04:45,18.217,-63.0578,25.61,63,1,4.65
300,La Ronge,CA,2022-12-12 03:04:46,55.1001,-105.2842,-9.95,95,100,2.43
301,Samarai,PG,2022-12-12 03:04:46,-10.6167,150.6667,29.73,69,80,3.61
302,Jumla,NP,2022-12-12 03:04:47,29.2747,82.1838,11.03,14,0,0.82
303,Tuktoyaktuk,CA,2022-12-12 03:04:47,69.4541,-133.0374,-24.54,93,7,6.9
304,Kaduqli,SD,2022-12-12 03:04:48,11.0167,29.7167,19.68,27,0,3.43
305,Salalah,OM,2022-12-12 03:04:48,17.0151,54.0924,24.05,33,0,3.09
306,Isangel,VU,2022-12-12 03:04:49,-19.55,169.2667,31.06,70,40,3.6
307,Dillon,US,2022-12-12 03:04:49,34.4166,-79.3712,9.19,83,100,1.48
308,Saint-Georges,GD,2022-12-12 03:04:50,12.0564,-61.7485,23.79,67,39,2.77
309,Katobu,ID,2022-12-12 03:04:50,-4.9408,122.5276,30.61,64,88,1.16
310,Andenes,NO,2022-12-12 03:04:51,69.3143,16.1194,-3.93,73,12,4.12
311,Mitsamiouli,KM,2022-12-12 03:04:51,-11.3847,43.2844,26.82,79,2,4.08
312,Lavrentiya,RU,2022-12-12 03:04:52,65.5833,-171.0,-13.2,88,32,6.28
313,Gornopravdinsk,RU,2022-12-12 03:04:53,60.05,69.9,-16.9,96,100,4.1
314,Dawlatabad,AF,2022-12-12 03:04:53,36.4141,64.9053,2.13,61,100,0.84
315,Copperas Cove,US,2022-12-12 03:04:54,31.1241,-97.9031,15.81,86,100,2.57
316,Orange Walk,BZ,2022-12-12 03:04:54,17.8333,-88.8333,21.17,98,17,1.3
317,Solhan,TR,2022-12-12 03:04:55,38.9634,41.0293,2.79,70,100,0.76
318,Bouna,CI,2022-12-12 03:05:55,9.2667,-3.0,22.15,19,99,2.08
319,Muddebihal,IN,2022-12-12 03:05:56,16.3333,76.1333,21.52,82,76,5.93
320,Ahipara,NZ,2022-12-12 03:05:57,-35.1667,173.1667,21.03,64,1,3.66
321,Sharjah,AE,2022-12-12 03:03:02,25.3573,55.4033,21.58,46,0,0.88
322,Los Llanos De Aridane,ES,2022-12-12 03:05:58,28.6585,-17.9182,18.96,77,0,4.02
323,Corowa,AU,2022-12-12 03:05:58,-36.0333,146.3833,12.94,50,94,7.27
324,College,US,2022-12-12 03:05:59,64.8569,-147.8028,-9.89,82,100,2.57
325,Lixourion,GR,2022-12-12 03:06:00,38.2019,20.4314,15.73,67,64,3.51
326,Oriximina,BR,2022-12-12 03:05:34,-1.7656,-55.8661,25.74,70,98,1.95
327,Natal,BR,2022-12-12 03:06:01,-5.795,-35.2094,25.36,94,20,3.09
328,Priargunsk,RU,2022-12-12 03:06:02,50.3691,119.1012,-14.27,92,100,3.54
329,Kijang,KR,2022-12-12 03:06:02,35.2442,129.2139,11.12,55,78,0.51
330,Praia,CV,2022-12-12 03:06:03,14.9215,-23.5087,23.3,78,0,6.69
331,Shulan,CN,2022-12-12 03:05:23,44.4167,126.95,-3.03,55,100,8.54
332,Preston,GB,2022-12-12 03:05:36,53.7667,-2.7167,-1.19,81,13,1.75
333,Oro Valley,US,2022-12-12 03:01:22,32.3909,-110.9665,16.73,28,2,1.79
334,Longyearbyen,SJ,2022-12-12 03:06:05,78.2186,15.6401,-12.09,52,75,6.17
335,Gumdag,TM,2022-12-12 03:06:06,39.2061,54.5906,-1.97,56,0,8.96
336,Dordrecht,NL,2022-12-12 03:06:06,51.81,4.6736,0.59,93,66,0.89
337,Brigantine,US,2022-12-12 03:06:07,39.4101,-74.3646,6.12,94,100,5.66
338,Cajabamba,PE,2022-12-12 03:06:08,-7.6167,-78.05,12.19,82,91,1.9
339,Grand Gaube,MU,2022-12-12 03:06:08,-20.0064,57.6608,26.32,65,1,4.47
340,Constantine,DZ,2022-12-12 03:06:09,36.365,6.6147,14.67,77,75,9.26
341,Taltal,CL,2022-12-12 03:06:10,-25.4,-70.4833,18.23,86,38,2.26
342,Pahrump,US,2022-12-12 03:02:10,36.2083,-115.9839,6.02,58,40,2.24
343,Estelle,US,2022-12-12 03:06:11,29.8458,-90.1067,19.44,92,75,2.57
344,Dudinka,RU,2022-12-12 03:06:12,69.4058,86.1778,-23.02,97,100,7.67
345,Paita,PE,2022-12-12 03:06:12,-5.0892,-81.1144,20.03,84,94,3.34
346,Elizabeth City,US,2022-12-12 03:06:13,36.2946,-76.2511,10.01,90,100,2.57
347,Belmonte,BR,2022-12-12 03:06:13,-15.8631,-38.8828,24.78,92,24,5.26
348,Gornyy,RU,2022-12-12 03:06:14,55.1153,83.9059,-26.58,100,55,2.17
349,Uppsala,SE,2022-12-12 03:06:14,60.0,17.75,-6.27,93,100,5.66
350,Fairbanks,US,2022-12-12 03:04:26,64.8378,-147.7164,-9.88,83,20,2.57
351,Lisakovsk,KZ,2022-12-12 03:06:15,52.5369,62.4936,-10.69,73,100,5.79
352,Grindavik,IS,2022-12-12 03:06:16,63.8424,-22.4338,-0.74,80,0,2.06
353,Susangerd,IR,2022-12-12 03:06:16,31.5608,48.1831,13.44,46,0,1.97
354,Lublin,PL,2022-12-12 03:02:43,51.0,23.0,-4.23,93,95,5.56
355,Pitimbu,BR,2022-12-12 03:06:18,-7.4706,-34.8086,26.33,79,6,3.23
356,Paracatu,BR,2022-12-12 03:06:18,-17.2222,-46.8747,21.1,84,100,1.33
357,Conceicao Do Araguaia,BR,2022-12-12 03:04:23,-8.2578,-49.2647,23.33,91,100,1.4
358,Pankovka,RU,2022-12-12 03:06:19,58.5,31.1999,-5.52,93,100,8.11
359,Necochea,AR,2022-12-12 03:06:20,-38.5473,-58.7368,14.67,86,0,3.76
360,Saint-Joseph,RE,2022-12-12 03:06:20,-21.3667,55.6167,24.21,79,27,5.26
361,Puerto Madero,MX,2022-12-12 03:06:21,14.7208,-92.4215,24.11,100,0,0.0
362,Gondanglegi,ID,2022-12-12 03:06:22,-7.7479,112.0132,30.2,64,63,3.34
363,Mizan Teferi,ET,2022-12-12 03:06:22,6.9833,35.5833,15.81,91,53,1.15
364,Sol-Iletsk,RU,2022-12-12 03:06:23,51.1631,54.9918,-12.97,81,14,2.62
365,Brae,GB,2022-12-12 03:03:13,60.3964,-1.353,2.07,86,96,10.03
366,Coahuayana,MX,2022-12-12 03:06:24,18.7333,-103.6833,21.79,89,4,0.88
367,Mahanoro,MG,2022-12-12 03:07:25,-19.9,48.8,23.51,86,48,0.76
368,Senneterre,CA,2022-12-12 03:07:26,48.3835,-77.2328,-18.19,97,32,1.52
369,Sistranda,NO,2022-12-12 03:07:26,63.7256,8.834,-5.02,71,9,10.99
370,Lufilufi,WS,2022-12-12 03:07:27,-13.8745,-171.5986,28.01,72,83,3.59
371,Bonoua,CI,2022-12-12 03:07:27,5.2741,-3.595,26.79,88,52,1.52
372,Dingle,PH,2022-12-12 03:07:28,10.9995,122.6711,28.23,78,100,0.89
373,Narsaq,GL,2022-12-12 03:03:15,60.9167,-46.05,-5.88,64,9,3.78
374,Hualmay,PE,2022-12-12 03:07:28,-11.0964,-77.6139,20.39,83,100,2.84
375,Lensk,RU,2022-12-12 03:07:29,60.7253,114.9278,-40.36,99,67,1.9
376,Ust-Barguzin,RU,2022-12-12 03:07:29,53.45,108.9833,-18.36,80,100,4.12
377,Cockburn Town,TC,2022-12-12 03:07:30,21.4612,-71.1419,25.25,60,94,5.12
378,Roebourne,AU,2022-12-12 03:07:31,-20.7833,117.1333,38.53,20,45,1.37
379,Vestmannaeyjar,IS,2022-12-12 03:07:31,63.4427,-20.2734,1.08,59,4,3.71
380,Freeport,US,2022-12-12 03:07:32,40.6576,-73.5832,3.9,87,100,7.72
381,Magdagachi,RU,2022-12-12 03:07:33,53.45,125.8,-18.13,95,100,4.12
382,Yarada,IN,2022-12-12 03:07:33,17.65,83.2667,25.18,83,75,1.03
383,Seinajoki,FI,2022-12-12 03:07:34,62.7945,22.8282,-8.68,88,100,2.68
384,Doha,QA,2022-12-12 03:07:34,25.2867,51.5333,18.94,70,0,3.6
385,Ankazobe,MG,2022-12-12 03:07:36,-18.3167,47.1167,18.17,78,82,3.41
386,Kaeo,NZ,2022-12-12 03:07:36,-35.1,173.7833,21.59,67,65,2.35
387,Itaituba,BR,2022-12-12 03:03:03,-4.2761,-55.9836,24.1,77,100,0.9
388,Neftcala,AZ,2022-12-12 03:07:37,39.3742,49.2472,8.33,75,100,2.5
389,Progreso,MX,2022-12-12 03:07:38,21.2833,-89.6667,25.62,72,35,4.55
390,Olafsvik,IS,2022-12-12 03:07:38,64.8945,-23.7142,2.26,68,8,1.91
391,Hami,CN,2022-12-12 03:07:39,42.8,93.45,-7.28,35,4,2.02
392,Netivot,IL,2022-12-12 03:07:39,31.4222,34.5886,15.72,53,75,2.13
393,New Ross,IE,2022-12-12 03:07:40,52.3967,-6.9367,-1.01,1,8,0.94
394,Port Lincoln,AU,2022-12-12 03:07:40,-34.7333,135.8667,16.98,51,58,8.48
395,Yatou,CN,2022-12-12 03:05:15,37.15,122.3833,4.59,37,99,6.08
396,Merauke,ID,2022-12-12 03:07:41,-8.4667,140.3333,29.15,71,98,4.02
397,Thinadhoo,MV,2022-12-12 03:07:41,0.5333,72.9333,27.62,76,74,5.58
398,Korla,CN,2022-12-12 03:07:42,41.7597,86.1469,-7.19,49,7,1.56
399,Smederevska Palanka,RS,2022-12-12 03:07:42,44.3655,20.9589,1.27,80,100,2.9
400,Oranjemund,NA,2022-12-12 03:07:42,-28.55,16.4333,17.47,91,11,2.33
401,Russell,US,2022-12-12 03:07:43,32.3502,-85.1999,16.6,100,100,1.54
402,Kerouane,GN,2022-12-12 03:07:43,9.2667,-9.0167,19.75,28,100,0.52
403,Ishigaki,JP,2022-12-12 03:07:44,24.3448,124.1572,20.86,82,96,9.41
404,Bukachacha,RU,2022-12-12 03:07:44,52.9833,116.9167,-17.65,74,100,3.75
405,Bara,NG,2022-12-12 03:07:45,10.3744,10.7288,18.47,27,1,2.86
406,Howard Springs,AU,2022-12-12 03:07:45,-12.497,131.047,34.99,68,95,3.35
407,Vitim,RU,2022-12-12 03:07:46,59.4511,112.5578,-36.04,100,94,1.17
408,Asyut,EG,2022-12-12 03:07:46,27.181,31.1837,15.23,40,88,1.15
409,Naryan-Mar,RU,2022-12-12 03:07:47,67.6713,53.087,-29.03,100,57,1.48
410,Liuzhou,CN,2022-12-12 03:07:32,24.3126,109.3892,13.59,38,37,6.62
411,Bereda,ES,2022-12-12 03:07:48,43.2686,-7.5406,9.52,96,100,1.5
412,Puerto Leguizamo,CO,2022-12-12 03:07:48,-0.1934,-74.7819,24.44,77,95,1.02
413,Maneadero,MX,2022-12-12 03:08:49,31.7167,-116.5667,11.72,88,100,1.34
414,Kismayo,SO,2022-12-12 03:08:50,-0.3582,42.5454,26.2,77,7,4.88
415,Carupano,VE,2022-12-12 03:08:50,10.6678,-63.2585,23.68,75,6,2.22
416,Kattivakkam,IN,2022-12-12 03:08:51,13.2167,80.3167,26.05,81,31,5.38
417,Kaka,TM,2022-12-12 03:08:51,37.3482,59.6143,-0.85,63,0,2.71
418,Port Macquarie,AU,2022-12-12 03:08:52,-31.4333,152.9167,25.5,65,100,7.15
419,Flinders,AU,2022-12-12 03:08:52,-34.5833,150.8552,27.32,50,44,7.15
420,Montlucon,FR,2022-12-12 03:08:53,46.3333,2.6,-5.72,95,6,1.9
421,Shingu,JP,2022-12-12 03:08:53,33.7333,135.9833,12.23,45,2,2.24
422,Hervey Bay,AU,2022-12-12 03:08:05,-25.2986,152.8535,25.56,76,0,6.45
423,Oum Hadjer,TD,2022-12-12 03:08:55,13.2954,19.6966,20.42,15,3,3.61
424,Moranbah,AU,2022-12-12 03:08:55,-22.0016,148.0466,34.73,29,0,2.64
425,La Ciotat,FR,2022-12-12 03:08:56,43.1748,5.6045,8.23,41,33,5.34
426,Kutum,SD,2022-12-12 03:08:56,14.2,24.6667,13.0,25,15,2.5
427,Calvinia,ZA,2022-12-12 03:08:56,-31.4707,19.776,19.21,80,4,2.74
428,Moshny,UA,2022-12-12 03:08:57,49.5147,31.7476,6.11,94,100,4.28
429,Umm Lajj,SA,2022-12-12 03:08:57,25.0213,37.2685,23.15,45,0,2.35
430,Port Blair,IN,2022-12-12 03:08:58,11.6667,92.75,29.02,84,75,5.14
431,Zambezi,ZM,2022-12-12 03:08:58,-13.5432,23.1047,18.15,96,100,1.24
432,Gagnoa,CI,2022-12-12 03:08:59,6.1293,-5.9437,21.68,97,50,1.28
433,Ostrovnoy,RU,2022-12-12 03:08:59,68.0531,39.5131,-8.67,91,97,2.19
434,Tete,MZ,2022-12-12 03:09:00,-16.1564,33.5867,24.0,81,29,2.38
435,Fort Saint James,CA,2022-12-12 03:09:00,54.4333,-124.25,-18.01,99,8,0.2
436,Dingli,MT,2022-12-12 03:09:01,35.8614,14.3822,17.12,77,20,7.2
437,Kongolo,CD,2022-12-12 03:09:01,-5.3833,27.0,20.08,98,100,0.67
438,Laguna,US,2022-12-12 03:09:02,38.421,-121.4238,8.99,86,100,3.6
439,Vadso,NO,2022-12-12 03:09:02,70.0744,29.7487,-10.91,73,3,7.2
440,Boston,US,2022-12-12 03:05:17,42.3584,-71.0598,0.85,88,100,4.12
441,Jiayuguan,CN,2022-12-12 03:09:03,39.8167,98.3,-7.98,48,0,0.55
442,Buena Vista,US,2022-12-12 03:09:04,43.4203,-83.8986,1.16,86,100,2.57
443,Riyadh,SA,2022-12-12 03:09:04,24.6877,46.7219,12.08,46,0,3.51
444,Kyshtovka,RU,2022-12-12 03:09:04,56.555,76.6271,-22.9,98,57,3.68
445,Papar,MY,2022-12-12 03:09:05,5.7333,115.9333,29.0,73,100,1.44
446,Changji,CN,2022-12-12 03:09:05,44.0167,87.3167,-16.56,78,0,1.0
447,Hay River,CA,2022-12-12 03:09:06,60.8156,-115.7999,-23.58,97,99,1.48
448,Ngunguru,NZ,2022-12-12 03:09:06,-35.6167,174.5,20.08,63,72,4.72
449,Coquimbo,CL,2022-12-12 03:09:07,-29.9533,-71.3436,16.85,88,0,1.54
450,Abu Zabad,SD,2022-12-12 03:09:07,12.35,29.25,17.8,29,0,4.42
451,Chernyshevskiy,RU,2022-12-12 03:09:08,63.0128,112.4714,-32.31,96,100,1.83
452,Maxixe,MZ,2022-12-12 03:09:08,-23.8597,35.3472,24.09,89,81,1.84
453,Acarau,BR,2022-12-12 03:06:51,-2.8856,-40.12,26.14,79,56,6.0
454,Nakamura,JP,2022-12-12 03:09:09,32.9833,132.9333,13.63,58,91,1.92
455,Cap Malheureux,MU,2022-12-12 03:09:10,-19.9842,57.6142,26.37,65,3,4.47
456,Grafton,US,2022-12-12 03:09:10,42.207,-71.6856,-2.86,85,100,3.6
457,Puerto Madryn,AR,2022-12-12 03:09:11,-42.7692,-65.0385,15.27,60,97,2.62
458,Novikovo,RU,2022-12-12 03:09:11,51.1537,37.8879,3.33,89,100,9.33
459,Jizan,SA,2022-12-12 03:09:12,17.3333,42.6667,24.63,79,0,2.04
460,Ferkessedougou,CI,2022-12-12 03:09:12,9.6,-5.2,21.81,18,92,2.39
461,Mulege,MX,2022-12-12 03:10:13,26.8833,-111.9833,17.63,45,72,1.47
462,Sao Fidelis,BR,2022-12-12 03:05:31,-21.6461,-41.7469,23.29,97,22,0.51
463,Dwarka,IN,2022-12-12 03:10:14,22.2394,68.9678,22.98,52,0,4.65
464,Camana,PE,2022-12-12 03:10:14,-16.6228,-72.7111,21.73,78,84,1.0
465,Delta Del Tigre,UY,2022-12-12 03:10:14,-34.7633,-56.3853,22.72,88,92,5.57
466,Mindelo,CV,2022-12-12 03:10:15,16.8901,-24.9804,22.75,88,20,6.69
467,Ziyang,CN,2022-12-12 03:10:16,29.2497,117.8547,10.4,60,19,2.1
468,Kiama,AU,2022-12-12 03:07:15,-34.6833,150.8667,27.43,48,50,6.26
469,San Patricio,US,2022-12-12 03:10:16,28.017,-97.5169,23.05,81,88,4.24
470,Moerai,PF,2022-12-12 03:10:17,-22.4333,-151.3333,23.51,82,100,5.78
471,Komatipoort,ZA,2022-12-12 03:10:17,-25.4332,31.9548,23.36,97,91,2.1
472,Boguchany,RU,2022-12-12 03:10:18,58.3814,97.4531,-26.36,92,100,2.04
473,Jinji,CN,2022-12-12 03:10:18,23.2281,110.8261,14.19,42,8,4.5
474,Codrington,AU,2022-12-12 03:10:19,-38.2667,141.9667,13.45,79,99,11.3
475,Egvekinot,RU,2022-12-12 03:10:20,66.3167,-179.1667,-24.45,98,100,3.97
476,Carutapera,BR,2022-12-12 03:10:20,-1.195,-46.02,25.3,83,68,2.84
477,Oktyabrskiy,RU,2022-12-12 03:10:21,54.4815,53.471,-6.14,81,100,7.48
478,Sinazongwe,ZM,2022-12-12 03:10:21,-17.2614,27.4618,23.13,83,46,1.71
479,Almaznyy,RU,2022-12-12 03:10:21,48.0448,40.045,1.21,91,96,9.45
480,Talara,PE,2022-12-12 03:10:22,-4.5772,-81.2719,20.09,85,89,3.83
481,Hamilton,US,2022-12-12 03:07:50,39.1834,-84.5333,5.96,78,100,2.06
482,Camacha,PT,2022-12-12 03:10:23,33.0833,-16.3333,18.68,88,0,0.51
483,Tarakan,ID,2022-12-12 03:10:23,3.3,117.6333,25.72,94,100,0.99
484,Nioro,GM,2022-12-12 03:10:24,13.35,-15.75,22.59,22,0,2.02
485,Cascais,PT,2022-12-12 03:10:24,38.6979,-9.4215,18.62,95,100,8.94
486,Ozernovskiy,RU,2022-12-12 03:10:25,51.5,156.5167,-3.36,59,100,10.52
487,Vanimo,PG,2022-12-12 03:10:25,-2.6741,141.3028,29.59,71,100,2.83
488,Gimbi,ET,2022-12-12 03:10:25,9.1667,35.8333,11.63,73,6,0.68
489,Ribeira Brava,PT,2022-12-12 03:10:26,32.65,-17.0667,22.78,91,73,5.17
490,Coihaique,CL,2022-12-12 03:10:27,-45.5752,-72.0662,9.34,81,40,1.03
491,Aklavik,CA,2022-12-12 03:10:27,68.2191,-135.0107,-28.04,94,16,6.82
492,Danilov,RU,2022-12-12 03:10:28,58.1908,40.1717,-4.46,95,100,5.97
493,Ulverstone,AU,2022-12-12 03:10:28,-41.15,146.1667,19.01,56,14,7.47
494,Elbistan,TR,2022-12-12 03:10:29,38.2059,37.1983,5.73,84,100,1.34
495,Popondetta,PG,2022-12-12 03:10:29,-8.7537,148.2534,32.42,56,100,2.83
496,Qaqortoq,GL,2022-12-12 03:10:29,60.7167,-46.0333,-9.84,68,6,3.45
497,Neyshabur,IR,2022-12-12 03:10:30,36.2133,58.7958,0.22,50,0,0.47
498,Brande,DK,2022-12-12 03:10:30,55.9381,9.1218,-3.48,88,98,2.87
499,Santa Isabel,BR,2022-12-12 03:10:31,-23.3156,-46.2214,22.84,97,98,0.96
500,Severnoye,RU,2022-12-12 03:10:31,56.3491,78.3619,-24.28,97,13,3.14
501,Kharod,IN,2022-12-12 03:10:32,21.75,82.5667,20.19,38,95,1.24
502,Rosetta,EG,2022-12-12 03:10:32,31.4044,30.4164,16.08,71,27,3.29
503,Vasilyevskiy Mokh,RU,2022-12-12 03:10:33,57.0132,35.919,1.47,100,100,3.88
504,Margate,GB,2022-12-12 03:10:33,51.3813,1.3862,3.72,91,100,3.13
505,Nenjiang,CN,2022-12-12 03:10:34,49.1833,125.2167,-10.01,93,100,4.29
506,Pampa,US,2022-12-12 03:11:34,35.5362,-100.9599,8.53,100,100,8.75
507,Anadyr,RU,2022-12-12 03:11:34,64.75,177.4833,-20.29,70,62,10.0
508,Gejiu,CN,2022-12-12 03:11:35,23.306,103.1635,7.56,79,90,1.79
509,Fukue,JP,2022-12-12 03:11:35,32.6881,128.8419,13.04,54,100,4.12
510,Khani,GE,2022-12-12 03:11:36,41.9563,42.9566,4.76,53,88,3.23
511,Lagoa,PT,2022-12-12 03:11:37,39.05,-27.9833,16.81,84,0,16.67
512,Sidi Ali,DZ,2022-12-12 03:11:37,36.0998,0.4206,16.09,81,50,8.25
513,Araouane,ML,2022-12-12 03:11:38,18.9048,-3.5265,20.13,16,0,3.85
514,Waynesboro,US,2022-12-12 03:10:51,38.0685,-78.8895,5.64,82,0,0.0
515,Boca Do Acre,BR,2022-12-12 03:11:38,-8.7522,-67.3978,23.17,94,100,0.99
516,Piacabucu,BR,2022-12-12 03:11:39,-10.4056,-36.4344,24.32,90,53,3.28
517,Orotukan,RU,2022-12-12 03:11:39,62.2667,151.7,-37.21,96,100,1.1
518,Kirakira,SB,2022-12-12 03:09:31,-10.4544,161.9205,28.4,75,100,2.45
519,Celestun,MX,2022-12-12 03:11:41,20.8667,-90.4,25.42,75,53,5.61
520,Nkoteng,CM,2022-12-12 03:11:41,4.5167,12.0333,20.8,94,58,1.29
521,Sunagawa,JP,2022-12-12 03:11:42,43.4864,141.9056,-1.37,64,10,0.81
522,Saint-Pierre,RE,2022-12-12 03:11:43,-21.3393,55.4781,24.82,69,20,2.57
523,Imbituba,BR,2022-12-12 03:11:43,-28.24,-48.6703,22.35,96,31,4.15
524,Cocobeach,GA,2022-12-12 03:11:44,1.0002,9.5823,25.91,82,97,2.23
525,Skelleftea,SE,2022-12-12 03:11:44,64.7507,20.9528,-8.8,92,100,5.14
526,Damietta,EG,2022-12-12 03:11:44,31.4165,31.8133,16.46,54,54,3.58
527,Manoel Urbano,BR,2022-12-12 03:11:45,-8.8389,-69.2597,21.92,99,100,0.81
528,Gatesville,US,2022-12-12 03:11:45,31.4352,-97.7439,16.06,88,100,2.35
529,Alwar,IN,2022-12-12 03:11:46,27.5667,76.6,17.23,43,13,1.72
530,Roma,US,2022-12-12 03:07:58,43.2128,-75.4557,0.48,94,100,2.57
531,Resende,BR,2022-12-12 03:11:47,-22.4689,-44.4467,20.84,96,68,0.64
532,Yingkou,CN,2022-12-12 03:11:47,40.6648,122.2283,2.67,38,21,8.92
533,Boende,CD,2022-12-12 03:11:48,-0.2167,20.8667,21.21,98,80,1.08
534,Soltsy,RU,2022-12-12 03:11:48,58.1239,30.3238,-5.23,93,100,7.94
535,Wenatchee,US,2022-12-12 03:11:49,47.4235,-120.3103,2.25,94,100,5.14
536,Karratha,AU,2022-12-12 03:11:49,-20.7377,116.8463,37.71,22,31,2.61
537,Tabalosos,PE,2022-12-12 03:11:50,-6.35,-76.6833,18.11,92,99,1.57
538,Ojinaga,MX,2022-12-12 03:11:50,29.5667,-104.4167,17.54,77,0,3.09
539,Kloulklubed,PW,2022-12-12 03:11:51,7.0419,134.2556,27.28,72,99,2.11
540,Hofn,IS,2022-12-12 03:11:51,64.2539,-15.2082,0.16,67,11,8.2
541,Bud,US,2022-12-12 03:11:52,39.447,-86.1758,5.01,82,76,2.27
542,Palmerston,AU,2022-12-12 03:11:53,-12.486,130.9833,35.02,63,20,3.6
543,Severnyy,RU,2022-12-12 03:11:53,50.677,36.5532,3.02,93,75,9.0
544,Lata,PT,2022-12-12 03:11:54,40.1629,-8.3327,15.45,98,100,2.7
545,Kharsia,IN,2022-12-12 03:11:54,21.9667,83.1167,21.53,38,60,0.72
546,Tessalit,ML,2022-12-12 03:08:41,20.1986,1.0114,19.71,18,0,3.34
547,Havoysund,NO,2022-12-12 03:11:56,70.9963,24.6622,-4.87,82,61,5.51
548,Kitaibaraki,JP,2022-12-12 03:11:56,36.7833,140.75,8.97,55,39,3.73
